[{"model": "admin.logentry", "pk": 1, "fields": {"action_time": "2025-11-03T09:15:56.125Z", "user": 1, "content_type": 9, "object_id": "1", "object_repr": "Share link for HTML LEARNING MODULES.pdf", "action_flag": 1, "change_message": "[{\"added\": {}}]"}}, {"model": "admin.logentry", "pk": 2, "fields": {"action_time": "2025-11-07T10:26:20.975Z", "user": 1, "content_type": 7, "object_id": "3", "object_repr": "Pro ($14.99/monthly)", "action_flag": 3, "change_message": ""}}, {"model": "auth.user", "pk": 1, "fields": {"password": "pbkdf2_sha256$1000000$qyPoLqDcPWgSaH4NZa4cgt$C5Htk8WUlObqBBrqzPNjLmZOt/UwmMlIT4L3WV8rhy8=", "last_login": "2025-11-07T11:59:22.333Z", "is_superuser": true, "username": "ra", "first_name": "", "last_name": "", "email": "r@m.com", "is_staff": true, "is_active": true, "date_joined": "2025-11-03T06:48:35.711Z", "groups": [], "user_permissions": []}}, {"model": "auth.user", "pk": 2, "fields": {"password": "pbkdf2_sha256$1000000$TwtYCZPwucDw6aWIgEj56u$p7cD67OSQke4bwDJgqiaVub/F4uBlqjvzEHggGSk1+U=", "last_login": "2025-11-07T11:33:59.178Z", "is_superuser": false, "username": "Ranjitha", "first_name": "", "last_name": "", "email": "ranjitha@gmail.com", "is_staff": false, "is_active": true, "date_joined": "2025-11-03T07:15:37.395Z", "groups": [], "user_permissions": []}}, {"model": "auth.user", "pk": 3, "fields": {"password": "pbkdf2_sha256$1000000$mDR5vXHTgcatOJoDx5zpRu$OF+E+0UgF5tE3K/YYS1Sc9fGuOPl4EQFTmyIBjmcxwM=", "last_login": "2025-11-05T08:51:46.389Z", "is_superuser": false, "username": "alice", "first_name": "", "last_name": "", "email": "alice@gmail.com", "is_staff": false, "is_active": true, "date_joined": "2025-11-04T04:33:59.912Z", "groups": [], "user_permissions": []}}, {"model": "auth.user", "pk": 4, "fields": {"password": "pbkdf2_sha256$1000000$QCUUXM2CvPVJr2o5cx8zmF$8zGdavE5TqvgPfI/V2KRi9QEPR3Wz7ia1ACeOC56b7M=", "last_login": "2025-11-04T06:01:21.394Z", "is_superuser": false, "username": "bob", "first_name": "", "last_name": "", "email": "bob@mail.com", "is_staff": false, "is_active": true, "date_joined": "2025-11-04T06:01:19.944Z", "groups": [], "user_permissions": []}}, {"model": "auth.user", "pk": 5, "fields": {"password": "pbkdf2_sha256$1000000$mWADeAfaDsPT2EDl2IOF0p$9yKQg8vsHQ5Wk/HZgsyHjhvPcVawzu+oQPvghvIyTWA=", "last_login": "2025-11-07T10:47:55.666Z", "is_superuser": false, "username": "Priya", "first_name": "", "last_name": "", "email": "priya@gmail.com", "is_staff": false, "is_active": true, "date_joined": "2025-11-07T10:47:54.476Z", "groups": [], "user_permissions": []}}, {"model": "sessions.session", "pk": "fqvc7lv7cu525vdp5erjons2p0pr8ak0", "fields": {"session_data": ".eJxVjMsOwiAQRf-FtSEg5VGX7v0GMswMUjWQlHZl_HfbpAvd3nPOfYsI61Li2nmOE4mL0OL0uyXAJ9cd0APqvUlsdZmnJHdFHrTLWyN-XQ_376BAL1vtHI1AHhlBGZ05cwgZwbIxaUCDpIiG7Dmfg7KjCsobi6Q33yTlchKfLx_wOU4:1vHL7i:LVx9-1w3h9i8jVWm0k9cO4NeZgwPREZ-kKeck3TQjsU", "expire_date": "2025-11-21T11:59:22.345Z"}}, {"model": "sessions.session", "pk": "kbrfmx6t950mfpnvc2bb9qios77muz86", "fields": {"session_data": ".eJxVjDEOwjAMRe-SGUV2EtLAyM4ZIie2aQG1UtNOiLtDpQ6w_vfef5lM69LntcmcBzZn48zhdytUHzJugO803iZbp3GZh2I3xe602evE8rzs7t9BT63_1sid46PvvAJplEpKzqkwYkAJHgKgKlaNESoAIIdSIPlEp8QxSjTvD-33N-I:1vHHmH:rx3yNTs08MGzz93QFBXKGTCb4PG8Yw3kbdQs4Jbw8Ls", "expire_date": "2025-11-21T08:25:01.199Z"}}, {"model": "storage_app.storageplan", "pk": 1, "fields": {"name": "Free", "plan_type": "free", "max_storage_size": 524288000, "price": "0.00", "billing_period": "monthly", "stripe_price_id": null, "is_active": true, "features": ["500MB Storage", "Basic File Sharing", "Standard Support", "100MB File Size Limit"], "display_order": 0}}, {"model": "storage_app.storageplan", "pk": 2, "fields": {"name": "Basic", "plan_type": "basic", "max_storage_size": 5368709120, "price": "150.00", "billing_period": "monthly", "stripe_price_id": "price_1SQnn9R2vlff5nNPmivccU0Q", "is_active": true, "features": ["5GB Storage", "Advanced File Sharing", "Priority Support", "2GB File Size Limit", "No Ads"], "display_order": 1}}, {"model": "storage_app.storageplan", "pk": 4, "fields": {"name": "Enterprise", "plan_type": "enterprise", "max_storage_size": 214748364800, "price": "1500.00", "billing_period": "monthly", "stripe_price_id": "price_1SQnnBR2vlff5nNPefbUd19a", "is_active": true, "features": ["200GB Storage", "Advanced File Sharing", "24/7 Priority Support", "2GB File Size Limit", "No Ads", "Advanced Analytics", "Custom Branding", "Team Collaboration", "API Access"], "display_order": 3}}, {"model": "storage_app.storageplan", "pk": 5, "fields": {"name": "Professional", "plan_type": "pro", "max_storage_size": 53687091200, "price": "500.00", "billing_period": "monthly", "stripe_price_id": "price_1SQnnAR2vlff5nNPmdfcY8RS", "is_active": true, "features": ["50GB Storage", "Advanced File Sharing", "Priority Support", "2GB File Size Limit", "No Ads", "Advanced Analytics", "Custom Branding"], "display_order": 2}}, {"model": "storage_app.userprofile", "pk": 1, "fields": {"user": 2, "storage_plan": 5, "used_storage": 27587694, "stripe_customer_id": "cus_TNWCGn0UGEqQYx"}}, {"model": "storage_app.userprofile", "pk": 2, "fields": {"user": 3, "storage_plan": 1, "used_storage": 228820, "stripe_customer_id": null}}, {"model": "storage_app.userprofile", "pk": 3, "fields": {"user": 4, "storage_plan": 1, "used_storage": 16962147, "stripe_customer_id": null}}, {"model": "storage_app.userprofile", "pk": 4, "fields": {"user": 1, "storage_plan": 5, "used_storage": 33, "stripe_customer_id": "cus_TNYeyLHFRZwQLs"}}, {"model": "storage_app.userprofile", "pk": 5, "fields": {"user": 5, "storage_plan": 2, "used_storage": 394755, "stripe_customer_id": "cus_TNYMYMpTr4ZFT3"}}, {"model": "storage_app.folder", "pk": "2ddde875-c333-4de8-aa5d-6cb967fcb498", "fields": {"name": "images", "owner": 5, "parent_folder": null, "created_at": "2025-11-07T10:49:50.587Z"}}, {"model": "storage_app.folder", "pk": "826b2374-90d6-47b7-b59d-beeb8fac71c0", "fields": {"name": "General", "owner": 2, "parent_folder": null, "created_at": "2025-11-05T07:23:35.769Z"}}, {"model": "storage_app.folder", "pk": "c345ca08-c873-4df6-b14e-3fc0521b5aa9", "fields": {"name": "Studies", "owner": 2, "parent_folder": null, "created_at": "2025-11-05T07:22:50.947Z"}}, {"model": "storage_app.file", "pk": "06f50128-30f4-4f6c-bae1-6878e111939a", "fields": {"name": "image 75.png", "file": "user_2/image_75.png", "file_type": ".png", "size": 188827, "owner": 2, "folder": "826b2374-90d6-47b7-b59d-beeb8fac71c0", "uploaded_at": "2025-11-04T10:51:51.173Z", "is_public": true}}, {"model": "storage_app.file", "pk": "2697dbf3-61f1-435c-82f0-0dc72b544a5b", "fields": {"name": "test_b2_upload.txt", "file": "user_1/test_b2_upload.txt", "file_type": ".txt", "size": 33, "owner": 1, "folder": null, "uploaded_at": "2025-11-04T07:45:24.961Z", "is_public": false}}, {"model": "storage_app.file", "pk": "33387ca7-c1fd-4967-91c4-b6fceeec06d2", "fields": {"name": "images (1).jfif", "file": "user_2/images_1.jfif", "file_type": ".jfif", "size": 3417, "owner": 2, "folder": null, "uploaded_at": "2025-11-06T08:46:41.793Z", "is_public": true}}, {"model": "storage_app.file", "pk": "5a5bc3ae-83ec-43e5-a35c-a9499c828e21", "fields": {"name": "Success-Sign-Photodune.jpg", "file": "user_3/Success-Sign-Photodune.jpg", "file_type": ".jpg", "size": 39993, "owner": 3, "folder": null, "uploaded_at": "2025-11-04T05:55:23.979Z", "is_public": false}}, {"model": "storage_app.file", "pk": "5c92edc8-07e7-409f-b9de-8ba77131a003", "fields": {"name": "image 74.png", "file": "user_5/image_74.png", "file_type": ".png", "size": 205928, "owner": 5, "folder": "2ddde875-c333-4de8-aa5d-6cb967fcb498", "uploaded_at": "2025-11-07T10:49:22.579Z", "is_public": true}}, {"model": "storage_app.file", "pk": "5f1f2ca0-2df9-43b0-9301-5cda1c733df8", "fields": {"name": "VTS JAVASCRIPT LEARNING MODULE.pdf", "file": "user_4/VTS_JAVASCRIPT_LEARNING_MODULE_Q5CW9An.pdf", "file_type": ".pdf", "size": 3516460, "owner": 4, "folder": null, "uploaded_at": "2025-11-04T07:52:33.528Z", "is_public": false}}, {"model": "storage_app.file", "pk": "73f90cc6-8dfb-4bef-9f10-a9f4437a06fb", "fields": {"name": "Python_Learning_Module.pdf", "file": "user_2/Python_Learning_Module.pdf", "file_type": ".pdf", "size": 23761541, "owner": 2, "folder": null, "uploaded_at": "2025-11-07T11:16:25.412Z", "is_public": true}}, {"model": "storage_app.file", "pk": "79d4ec8a-b480-4f8e-a5b6-783e8b818c35", "fields": {"name": "VTS JAVASCRIPT LEARNING MODULE.pdf", "file": "user_2/VTS_JAVASCRIPT_LEARNING_MODULE.pdf", "file_type": ".pdf", "size": 3516460, "owner": 2, "folder": null, "uploaded_at": "2025-11-04T07:55:51.435Z", "is_public": false}}, {"model": "storage_app.file", "pk": "8a6b3a6a-e10e-4dda-ae2d-de95a854a891", "fields": {"name": "VTS JAVASCRIPT LEARNING MODULE.pdf", "file": "user_4/VTS_JAVASCRIPT_LEARNING_MODULE.pdf", "file_type": ".pdf", "size": 3516460, "owner": 4, "folder": null, "uploaded_at": "2025-11-04T07:52:30.491Z", "is_public": false}}, {"model": "storage_app.file", "pk": "b53b6a58-2399-464a-9bdb-f58be65e7a0c", "fields": {"name": "HTML LEARNING MODULES.pdf", "file": "user_4/HTML_LEARNING_MODULES.pdf", "file_type": ".pdf", "size": 2678538, "owner": 4, "folder": null, "uploaded_at": "2025-11-04T06:05:03.930Z", "is_public": true}}, {"model": "storage_app.file", "pk": "c48a2ce2-d2c7-4e0b-9559-dbfc952025ba", "fields": {"name": "image 83.png", "file": "user_4/image_83.png", "file_type": ".png", "size": 217769, "owner": 4, "folder": null, "uploaded_at": "2025-11-04T06:01:32.462Z", "is_public": false}}, {"model": "storage_app.file", "pk": "d2d2113e-e4c1-4e43-b874-a57afd40cc40", "fields": {"name": "image 75.png", "file": "user_3/image_75.png", "file_type": ".png", "size": 188827, "owner": 3, "folder": null, "uploaded_at": "2025-11-04T04:37:24.500Z", "is_public": true}}, {"model": "storage_app.file", "pk": "db6ad1c4-cd57-48ca-a561-22ef6d48d965", "fields": {"name": "VTS JAVASCRIPT LEARNING MODULE.pdf", "file": "user_4/VTS_JAVASCRIPT_LEARNING_MODULE_VzK4o4k.pdf", "file_type": ".pdf", "size": 3516460, "owner": 4, "folder": null, "uploaded_at": "2025-11-04T07:52:35.027Z", "is_public": false}}, {"model": "storage_app.file", "pk": "e8944b0d-b2e8-405c-8368-23b313fa1544", "fields": {"name": "mkhan08523f_1738502667_726.jpg", "file": "user_2/mkhan08523f_1738502667_726.jpg", "file_type": ".jpg", "size": 117449, "owner": 2, "folder": null, "uploaded_at": "2025-11-05T10:33:58.631Z", "is_public": true}}, {"model": "storage_app.file", "pk": "eb090c62-e4ac-4d46-a4ab-94afde5a7eda", "fields": {"name": "image 75.png", "file": "user_5/image_75.png", "file_type": ".png", "size": 188827, "owner": 5, "folder": null, "uploaded_at": "2025-11-07T10:48:53.247Z", "is_public": false}}, {"model": "storage_app.file", "pk": "eba4070f-b3a2-4eac-a6a4-55845c513685", "fields": {"name": "VTS JAVASCRIPT LEARNING MODULE.pdf", "file": "user_4/VTS_JAVASCRIPT_LEARNING_MODULE.pdf", "file_type": ".pdf", "size": 3516460, "owner": 4, "folder": null, "uploaded_at": "2025-11-04T07:52:22.044Z", "is_public": false}}, {"model": "storage_app.sharelink", "pk": 2, "fields": {"file": "b53b6a58-2399-464a-9bdb-f58be65e7a0c", "token": "5cd18e40-0a3f-457f-b77d-16bd184be0ef", "created_at": "2025-11-04T06:15:43.917Z", "expires_at": null, "is_active": true}}, {"model": "storage_app.sharelink", "pk": 3, "fields": {"file": "b53b6a58-2399-464a-9bdb-f58be65e7a0c", "token": "22215a23-0ecf-48fe-9ce7-aef5a19ac7a1", "created_at": "2025-11-04T06:16:02.015Z", "expires_at": null, "is_active": true}}, {"model": "storage_app.sharelink", "pk": 4, "fields": {"file": "c48a2ce2-d2c7-4e0b-9559-dbfc952025ba", "token": "ff4b9525-1604-4256-96e9-ecbbd3f04c93", "created_at": "2025-11-04T06:16:22.566Z", "expires_at": null, "is_active": true}}, {"model": "storage_app.sharelink", "pk": 5, "fields": {"file": "c48a2ce2-d2c7-4e0b-9559-dbfc952025ba", "token": "45906374-2638-4b6c-8cf0-ad230e7b46a4", "created_at": "2025-11-04T06:16:27.068Z", "expires_at": null, "is_active": true}}, {"model": "storage_app.sharelink", "pk": 6, "fields": {"file": "79d4ec8a-b480-4f8e-a5b6-783e8b818c35", "token": "f93e29f0-346b-4b2d-b06a-04c6dbaeef25", "created_at": "2025-11-04T07:56:54.120Z", "expires_at": null, "is_active": true}}, {"model": "storage_app.sharelink", "pk": 7, "fields": {"file": "79d4ec8a-b480-4f8e-a5b6-783e8b818c35", "token": "9d4553b3-88f2-4dc2-8055-ccc7f8b67711", "created_at": "2025-11-04T07:57:24.220Z", "expires_at": null, "is_active": true}}, {"model": "storage_app.sharelink", "pk": 10, "fields": {"file": "79d4ec8a-b480-4f8e-a5b6-783e8b818c35", "token": "936e0892-0382-482e-a3a0-7dc33c00b324", "created_at": "2025-11-04T09:57:53.008Z", "expires_at": null, "is_active": true}}, {"model": "storage_app.sharelink", "pk": 13, "fields": {"file": "79d4ec8a-b480-4f8e-a5b6-783e8b818c35", "token": "bcbe8937-9909-45d2-88df-52d5693ccc77", "created_at": "2025-11-04T10:05:04.513Z", "expires_at": null, "is_active": true}}, {"model": "storage_app.sharelink", "pk": 14, "fields": {"file": "79d4ec8a-b480-4f8e-a5b6-783e8b818c35", "token": "43187407-89dc-4dad-b5e7-5c34e03eeed2", "created_at": "2025-11-04T10:40:34.137Z", "expires_at": null, "is_active": true}}, {"model": "storage_app.sharelink", "pk": 15, "fields": {"file": "79d4ec8a-b480-4f8e-a5b6-783e8b818c35", "token": "79a2bf76-550c-4b9a-b022-0e878198ba0f", "created_at": "2025-11-04T10:41:00.942Z", "expires_at": "2025-12-04T10:41:00.964Z", "is_active": true}}, {"model": "storage_app.sharelink", "pk": 16, "fields": {"file": "79d4ec8a-b480-4f8e-a5b6-783e8b818c35", "token": "b0045f28-ac92-4eac-977f-3c80d1b589a2", "created_at": "2025-11-04T10:49:23.337Z", "expires_at": null, "is_active": true}}, {"model": "storage_app.sharelink", "pk": 17, "fields": {"file": "06f50128-30f4-4f6c-bae1-6878e111939a", "token": "458223e2-215a-4a82-96ec-d82200d0175b", "created_at": "2025-11-04T10:52:21.198Z", "expires_at": null, "is_active": true}}, {"model": "storage_app.sharelink", "pk": 18, "fields": {"file": "06f50128-30f4-4f6c-bae1-6878e111939a", "token": "4763fab7-7229-48b5-9b69-92f7eb95321e", "created_at": "2025-11-04T11:35:19.403Z", "expires_at": null, "is_active": true}}, {"model": "storage_app.sharelink", "pk": 19, "fields": {"file": "79d4ec8a-b480-4f8e-a5b6-783e8b818c35", "token": "e7781dca-1f6b-4ce7-8932-f45e2c4134b7", "created_at": "2025-11-04T11:35:46.640Z", "expires_at": null, "is_active": true}}, {"model": "storage_app.sharelink", "pk": 20, "fields": {"file": "06f50128-30f4-4f6c-bae1-6878e111939a", "token": "c05633ae-57ce-4161-97b0-2bb82ada6b55", "created_at": "2025-11-05T05:05:45.022Z", "expires_at": null, "is_active": true}}, {"model": "storage_app.sharelink", "pk": 21, "fields": {"file": "06f50128-30f4-4f6c-bae1-6878e111939a", "token": "deed2d75-397f-42b4-8a6d-196e45372fd8", "created_at": "2025-11-05T05:29:14.067Z", "expires_at": null, "is_active": true}}, {"model": "storage_app.sharelink", "pk": 22, "fields": {"file": "06f50128-30f4-4f6c-bae1-6878e111939a", "token": "8d9cff0d-ad9f-4929-9140-50edd1376183", "created_at": "2025-11-05T05:35:50.858Z", "expires_at": null, "is_active": true}}, {"model": "storage_app.sharelink", "pk": 23, "fields": {"file": "06f50128-30f4-4f6c-bae1-6878e111939a", "token": "35a44eb5-3121-4640-9419-6da05569a21a", "created_at": "2025-11-05T05:37:00.303Z", "expires_at": null, "is_active": true}}, {"model": "storage_app.sharelink", "pk": 24, "fields": {"file": "06f50128-30f4-4f6c-bae1-6878e111939a", "token": "d7a0121c-e0ea-41f8-a097-e46b876d239c", "created_at": "2025-11-05T05:41:17.446Z", "expires_at": "2025-11-06T05:41:17.461Z", "is_active": true}}, {"model": "storage_app.sharelink", "pk": 25, "fields": {"file": "e8944b0d-b2e8-405c-8368-23b313fa1544", "token": "25b18730-f301-41d7-b231-9183f614369e", "created_at": "2025-11-06T05:07:22.638Z", "expires_at": "2025-11-07T05:07:22.665Z", "is_active": true}}, {"model": "storage_app.sharelink", "pk": 26, "fields": {"file": "79d4ec8a-b480-4f8e-a5b6-783e8b818c35", "token": "300d35e4-2737-41e8-b7ef-3b9ac40b328e", "created_at": "2025-11-06T05:07:50.211Z", "expires_at": null, "is_active": true}}, {"model": "storage_app.sharelink", "pk": 27, "fields": {"file": "79d4ec8a-b480-4f8e-a5b6-783e8b818c35", "token": "10108503-b35e-40dc-8284-33926763001a", "created_at": "2025-11-06T06:26:38.779Z", "expires_at": "2025-11-07T06:26:38.803Z", "is_active": true}}]